"match_id","radiant_win","duration","radiant_score","dire_score","leagueid","start_time","lobby_type","game_mode","P1","P2","P3","P4","P5","P6","P7","P8","P9","P10"
656631467,TRUE,1437,0,0,600,1399911321,1,2,41016928,84853828,85937380,86919603,91963568,91981924,100704400,109822425,109883841,132291754
656624364,FALSE,1586,0,0,600,1399911418,1,2,956503,21604967,34752860,36366510,41470731,44091499,45064222,86715129,109778511,115975133
656641101,FALSE,1797,0,0,600,1399911567,1,2,28070572,86722079,86750050,86761836,86785102,91539456,94923783,112956437,118073569,124105510
656762258,FALSE,1289,0,0,600,1399916043,1,2,956503,1185644,5448108,10366616,31818853,34752860,36366510,44091499,45064222,87196890
656759304,TRUE,2467,0,0,600,1399916056,1,2,29126401,41016928,58134384,74040691,84853828,85937380,86919603,93447516,100704400,170041034
656762659,FALSE,2018,0,0,600,1399916160,1,2,7910302,32922146,83625397,91963568,91981924,99643683,109822425,109883841,118032120,132291754
656763090,FALSE,1672,0,0,600,1399916174,1,2,21604967,28070572,41470731,86715129,86722079,86750050,91539456,109778511,115975133,124105510
656877636,TRUE,2514,0,0,600,1399920787,1,2,956503,7910302,32922146,34752860,36366510,44091499,45064222,83625397,99643683,118032120
656881036,FALSE,1414,0,0,600,1399920924,1,2,30237211,38515149,67601693,85805514,86738694,86761836,86785102,94923783,112956437,118073569
656884389,FALSE,630,0,0,600,1399920971,1,2,1185644,5448108,10366616,28070572,31818853,86722079,86750050,87196890,91539456,124105510
656972961,FALSE,1937,0,0,600,1399925377,1,2,21604967,30237211,38515149,41470731,67601693,85805514,86715129,86738694,109778511,115975133
656975736,TRUE,1667,0,0,600,1399925648,1,2,956503,34752860,36366510,44091499,45064222,91963568,91981924,109822425,109883841,132291754
656976155,FALSE,2035,0,0,600,1399925736,1,2,29126401,58134384,74040691,86724433,91019997,93447516,99672424,111706228,111709507,170041034
656979559,TRUE,2017,0,0,600,1399925868,1,2,28070572,41016928,84853828,85937380,86722079,86750050,86919603,91539456,100704400,124105510
657045289,FALSE,2325,0,0,600,1399930204,1,2,29126401,58134384,74040691,91963568,91981924,93447516,109822425,109883841,132291754,170041034
657045063,FALSE,3536,0,0,600,1399930288,1,2,21604967,41470731,86715129,86761836,86785102,94923783,109778511,112956437,115975133,118073569
657046328,TRUE,2463,0,0,600,1399930344,1,2,7910302,28070572,32922146,83625397,86722079,86750050,91539456,99643683,118032120,124105510
657046570,FALSE,1959,0,0,600,1399930364,1,2,30237211,38515149,41016928,67601693,84853828,85805514,85937380,86738694,86919603,100704400
657096353,FALSE,1931,0,0,600,1399935144,1,2,956503,34752860,36366510,44091499,45064222,86724433,91019997,99672424,111706228,111709507
657096883,FALSE,2179,0,0,600,1399935245,1,2,7910302,30237211,32922146,38515149,67601693,83625397,85805514,86738694,99643683,118032120
657096725,FALSE,1919,0,0,600,1399935250,1,2,21604967,29126401,41470731,58134384,74040691,86715129,93447516,109778511,115975133,170041034
657098467,TRUE,2169,0,0,600,1399935352,1,2,1185644,5448108,10366616,31818853,86761836,86785102,87196890,94923783,112956437,118073569
657137532,TRUE,900,0,0,600,1399939917,1,2,28070572,29126401,58134384,74040691,86722079,86750050,91539456,93447516,124105510,170041034
657137475,FALSE,1987,0,0,600,1399940010,1,2,21604967,41016928,41470731,84853828,85937380,86715129,86919603,100704400,109778511,115975133
657140538,FALSE,2638,0,0,600,1399940026,1,2,86724433,91019997,91963568,91981924,99672424,109822425,109883841,111706228,111709507,132291754
657138638,TRUE,2442,0,0,600,1399940128,1,2,1185644,5448108,10366616,30237211,31818853,38515149,67601693,85805514,86738694,87196890
658278419,FALSE,1580,0,0,600,1399997577,1,2,29126401,30237211,38515149,58134384,67601693,74040691,85805514,86738694,93447516,170041034
658277530,FALSE,2551,0,0,600,1399997668,1,2,1185644,5448108,10366616,21604967,31818853,41470731,86715129,87196890,109778511,115975133
658283136,TRUE,1718,0,0,600,1399997788,1,2,28070572,86722079,86724433,86750050,91019997,91539456,99672424,111706228,111709507,124105510
658298194,FALSE,2893,0,0,600,1399998372,1,2,7910302,32922146,83625397,86761836,86785102,94923783,99643683,112956437,118032120,118073569
658404890,FALSE,1856,0,0,600,1400002085,1,2,28070572,30237211,38515149,67601693,85805514,86722079,86738694,86750050,91539456,124105510
658403479,TRUE,1908,0,0,600,1400002405,1,2,1185644,5448108,10366616,31818853,87196890,91963568,91981924,109822425,109883841,132291754
658410102,TRUE,2830,0,0,600,1400002522,1,2,41016928,84853828,85937380,86761836,86785102,86919603,94923783,100704400,112956437,118073569
658409507,TRUE,2730,0,0,600,1400002707,1,2,7910302,21604967,32922146,41470731,83625397,86715129,99643683,109778511,115975133,118032120
658527044,FALSE,3097,0,0,600,1400007292,1,2,29126401,58134384,74040691,86761836,86785102,93447516,94923783,112956437,118073569,170041034
658527680,FALSE,1072,0,0,600,1400007342,1,2,1185644,5448108,7910302,10366616,31818853,32922146,83625397,87196890,99643683,118032120
658537830,FALSE,3212,0,0,600,1400007490,1,2,28070572,86722079,86750050,91539456,91963568,91981924,109822425,109883841,124105510,132291754
658536142,TRUE,2646,0,0,600,1400007720,1,2,956503,34752860,36366510,41016928,44091499,45064222,84853828,85937380,86919603,100704400
658642456,FALSE,2288,0,0,600,1400013218,1,2,21604967,41470731,86715129,86724433,91019997,99672424,109778511,111706228,111709507,115975133
658647820,TRUE,2029,0,0,600,1400013306,1,2,86761836,86785102,91963568,91981924,94923783,109822425,109883841,112956437,118073569,132291754
658648866,TRUE,1071,0,0,600,1400013387,1,2,956503,28070572,34752860,36366510,44091499,45064222,86722079,86750050,91539456,124105510
658650701,TRUE,1250,0,0,600,1400013456,1,2,1185644,5448108,10366616,29126401,31818853,58134384,74040691,87196890,93447516,170041034
658702989,TRUE,1405,0,0,600,1400017141,1,2,1185644,5448108,10366616,31818853,41016928,84853828,85937380,86919603,87196890,100704400
658704672,TRUE,1221,0,0,600,1400017221,1,2,86724433,86761836,86785102,91019997,94923783,99672424,111706228,111709507,112956437,118073569
658703432,FALSE,3189,0,0,600,1400017236,1,2,956503,29126401,34752860,36366510,44091499,45064222,58134384,74040691,93447516,170041034
658709879,FALSE,2231,0,0,600,1400017641,1,2,30237211,38515149,67601693,85805514,86738694,91963568,91981924,109822425,109883841,132291754
658750033,TRUE,2054,0,0,600,1400021429,1,2,1185644,5448108,10366616,31818853,86724433,87196890,91019997,99672424,111706228,111709507
658753872,TRUE,2919,0,0,600,1400021839,1,2,7910302,32922146,41016928,83625397,84853828,85937380,86919603,99643683,100704400,118032120
658752961,TRUE,2981,0,0,600,1400021856,1,2,956503,30237211,34752860,36366510,38515149,44091499,45064222,67601693,85805514,86738694
658758992,TRUE,2671,0,0,600,1400022397,1,2,21604967,41470731,86715129,91963568,91981924,109778511,109822425,109883841,115975133,132291754
658792104,TRUE,2934,0,0,600,1400026318,1,2,7910302,29126401,32922146,58134384,74040691,83625397,93447516,99643683,118032120,170041034
658794490,TRUE,3514,0,0,600,1400026562,1,2,30237211,38515149,67601693,85805514,86724433,86738694,91019997,99672424,111706228,111709507
658841968,FALSE,3029,0,0,600,1400033262,1,2,7910302,21604967,32922146,41470731,83625397,86715129,99643683,109778511,115975133,118032120
658890664,FALSE,1520,0,0,600,1400038055,1,2,21604967,41470731,86715129,86724433,91019997,99672424,109778511,111706228,111709507,115975133
658928621,FALSE,2055,0,0,600,1400040947,1,2,7910302,32922146,83625397,86724433,91019997,99643683,99672424,111706228,111709507,118032120
659912531,TRUE,2063,0,0,600,1400084170,1,2,1185644,5448108,10366616,30237211,31818853,38515149,67601693,85805514,86738694,87196890
660010732,FALSE,2305,0,0,600,1400087682,1,2,1185644,5448108,10366616,30237211,31818853,38515149,67601693,85805514,86738694,87196890
660243939,FALSE,1453,0,0,600,1400096569,1,2,21604967,41470731,86715129,86724433,91019997,99672424,109778511,111706228,111709507,115975133
660292335,FALSE,3673,0,0,600,1400099170,1,2,21604967,41470731,86715129,86724433,91019997,99672424,109778511,111706228,111709507,115975133
660367687,TRUE,2498,0,0,600,1400104597,1,2,21604967,41470731,86715129,86724433,91019997,99672424,109778511,111706228,111709507,115975133
661626366,FALSE,3706,0,0,600,1400170424,1,2,21604967,30237211,38515149,41470731,67601693,85805514,86715129,86738694,109778511,115975133
661796577,TRUE,1646,0,0,600,1400176015,1,2,21604967,30237211,38515149,41470731,67601693,85805514,86715129,86738694,109778511,115975133
661951244,TRUE,1759,0,0,600,1400183024,1,2,1185644,5448108,10366616,30237211,31818853,38515149,67601693,85805514,86738694,87196890
662024558,TRUE,905,0,0,600,1400186579,1,1,1185644,5448108,10366616,30237211,31818853,38515149,67601693,85805514,86738694,87196890
662051194,TRUE,1684,0,0,600,1400188965,1,2,1185644,5448108,10366616,30237211,31818853,38515149,67601693,85805514,86738694,87196890
662328380,FALSE,2323,0,0,600,1400214307,1,2,86794404,90547237,91929373,96429099,102020930,104109762,104888934,104963314,108223843,131380551
662332221,FALSE,2211,0,0,600,1400214628,1,2,20321748,20796460,32940748,61061435,66296404,86741690,92145869,92164306,92331184,106781506
662332063,TRUE,1226,0,0,600,1400214818,1,2,75390186,76904792,82630959,89654154,91369376,91443418,92704330,92710509,112531417,164685813
662358021,FALSE,3342,0,0,600,1400216020,1,1,3940262,45614257,88933594,91191397,91191651,93119769,101460882,102525542,105599955,106443009
662535351,TRUE,4053,0,0,600,1400226307,1,2,61061435,86741690,91443418,92145869,92164306,92331184,92704330,92710509,112531417,164685813
662580516,FALSE,2185,0,0,600,1400228324,1,2,51541746,86762037,86794404,87442297,89251386,90547237,91929373,98914820,104888934,108223843
662576396,FALSE,1908,0,0,600,1400228672,1,2,20321748,20796460,32940748,45614257,66296404,91191397,91191651,101460882,106443009,106781506
662591030,TRUE,3610,0,0,600,1400228894,1,1,75390186,76904792,82630959,86772934,89654154,91369376,95566398,96307331,102096245,152800969
662643673,TRUE,2131,0,0,600,1400232049,1,2,61061435,86741690,92145869,92164306,92331184,96429099,102020930,104109762,104963314,131380551
662669467,TRUE,1639,0,0,600,1400233252,1,2,3940262,51541746,86762037,87442297,88933594,89251386,93119769,98914820,102525542,105599955
662702113,FALSE,2009,0,0,600,1400234875,1,2,86772934,91443418,92704330,92710509,95566398,96307331,102096245,112531417,152800969,164685813
662701309,FALSE,2239,0,0,600,1400234878,1,2,20321748,20796460,32940748,66296404,86794404,90547237,91929373,104888934,106781506,108223843
662704317,TRUE,2490,0,0,600,1400235098,1,2,45614257,75390186,76904792,82630959,89654154,91191397,91191651,91369376,101460882,106443009
662777694,FALSE,3647,0,0,600,1400238197,1,2,51541746,86762037,87442297,89251386,96429099,98914820,102020930,104109762,104963314,131380551
662796077,TRUE,1741,0,0,600,1400238584,1,2,61061435,86741690,86772934,92145869,92164306,92331184,95566398,96307331,102096245,152800969
662807254,FALSE,2422,0,0,600,1400239015,1,2,3940262,20321748,20796460,32940748,66296404,88933594,93119769,102525542,105599955,106781506
662811772,TRUE,1199,0,0,600,1400239025,1,2,45614257,91191397,91191651,91443418,92704330,92710509,101460882,106443009,112531417,164685813
662937323,TRUE,2741,0,0,600,1400242583,1,1,45614257,61061435,86741690,91191397,91191651,92145869,92164306,92331184,101460882,106443009
662937603,FALSE,1836,0,0,600,1400243504,1,2,86772934,95566398,96307331,96429099,102020930,102096245,104109762,104963314,131380551,152800969
662944050,TRUE,2822,0,0,600,1400243791,1,2,75390186,76904792,82630959,86794404,89654154,90547237,91369376,91929373,104888934,108223843
662955704,FALSE,1648,0,0,600,1400244132,1,2,20321748,20796460,32940748,51541746,66296404,86762037,87442297,89251386,98914820,106781506
664214278,FALSE,2038,0,0,600,1400299790,1,2,45614257,86772934,91191397,91191651,95566398,96307331,101460882,102096245,106443009,152800969
664211697,TRUE,1859,0,0,600,1400299796,1,2,20321748,20796460,32940748,66296404,96429099,102020930,104109762,104963314,106781506,131380551
664223408,FALSE,3823,0,0,600,1400300717,1,2,86794404,90547237,91443418,91929373,92704330,92710509,104888934,108223843,112531417,164685813
664224791,FALSE,1769,0,0,600,1400301216,1,2,3940262,75390186,76904792,82630959,88933594,89654154,91369376,93119769,102525542,105599955
664297619,TRUE,1856,0,0,600,1400304607,1,2,51541746,75390186,76904792,82630959,86762037,87442297,89251386,89654154,91369376,98914820
664299704,TRUE,2048,0,0,600,1400305235,1,2,45614257,91191397,91191651,96429099,101460882,102020930,104109762,104963314,106443009,131380551
664313043,FALSE,1328,0,0,600,1400306023,1,2,3940262,88933594,91443418,92704330,92710509,93119769,102525542,105599955,112531417,164685813
664326618,TRUE,1589,0,0,600,1400306858,1,2,61061435,86741690,86794404,90547237,91929373,92145869,92164306,92331184,104888934,108223843
664399142,TRUE,1363,0,0,600,1400309650,1,2,51541746,86762037,87442297,89251386,91443418,92704330,92710509,98914820,112531417,164685813
664400913,FALSE,1435,0,0,600,1400309975,1,2,3940262,61061435,86741690,88933594,92145869,92164306,92331184,93119769,102525542,105599955
664398157,TRUE,2392,0,0,600,1400310328,1,2,86772934,86794404,90547237,91929373,95566398,96307331,102096245,104888934,108223843,152800969
664423126,FALSE,3313,0,0,600,1400310347,1,1,20321748,20796460,32940748,66296404,75390186,76904792,82630959,89654154,91369376,106781506
664519568,TRUE,1408,0,0,600,1400314623,1,2,45614257,86794404,90547237,91191397,91191651,91929373,101460882,104888934,106443009,108223843
664517919,FALSE,2164,0,0,600,1400314627,1,2,20321748,20796460,32940748,66296404,91443418,92704330,92710509,106781506,112531417,164685813
664514288,FALSE,2762,0,0,600,1400314773,1,2,3940262,86772934,88933594,93119769,95566398,96307331,102096245,102525542,105599955,152800969
664529609,TRUE,2815,0,0,600,1400315221,1,2,51541746,61061435,86741690,86762037,87442297,89251386,92145869,92164306,92331184,98914820
664732744,TRUE,2678,0,0,600,1400322315,1,2,75390186,76904792,82630959,89654154,91369376,96429099,102020930,104109762,104963314,131380551
664789734,TRUE,2987,0,0,600,1400324447,1,2,45614257,51541746,86762037,87442297,89251386,91191397,91191651,98914820,101460882,106443009
664973961,TRUE,2644,0,0,600,1400330309,1,2,45614257,86772934,91191397,91191651,95566398,96307331,101460882,102096245,106443009,152800969
665140039,TRUE,3170,0,0,600,1400335254,1,2,51541746,86762037,86772934,87442297,89251386,95566398,96307331,98914820,102096245,152800969
666296174,TRUE,1676,0,0,600,1400386583,1,2,3940262,88933594,93119769,96429099,102020930,102525542,104109762,104963314,105599955,131380551
666354546,FALSE,3854,0,0,600,1400389568,1,2,3940262,88933594,93119769,96429099,102020930,102525542,104109762,104963314,105599955,131380551
666517998,TRUE,2971,0,0,600,1400396855,1,2,45614257,86772934,91191397,91191651,95566398,96307331,101460882,102096245,106443009,152800969
666643697,TRUE,3194,0,0,600,1400401303,1,2,45614257,86772934,91191397,91191651,95566398,96307331,101460882,102096245,106443009,152800969
666796448,TRUE,2856,0,0,600,1400406650,1,2,45614257,86772934,91191397,91191651,95566398,96307331,101460882,102096245,106443009,152800969
668290416,FALSE,3081,0,0,600,1400473274,1,2,3940262,45614257,88933594,91191397,91191651,93119769,101460882,102525542,105599955,106443009
668358769,TRUE,3213,0,0,600,1400478302,1,2,3940262,45614257,88933594,91191397,91191651,93119769,101460882,102525542,105599955,106443009
668456784,TRUE,1600,0,0,600,1400484597,1,2,3940262,88933594,93119769,96429099,102020930,102525542,104109762,104963314,105599955,131380551
668512374,TRUE,2472,0,0,600,1400487829,1,2,3940262,88933594,93119769,96429099,102020930,102525542,104109762,104963314,105599955,131380551
668585041,TRUE,2185,0,0,600,1400491664,1,2,3940262,88933594,93119769,96429099,102020930,102525542,104109762,104963314,105599955,131380551
668665633,FALSE,2080,0,0,600,1400495761,1,2,3940262,88933594,93119769,96429099,102020930,102525542,104109762,104963314,105599955,131380551
669978153,FALSE,7006,0,0,600,1400558993,1,2,21289303,101375717,110228930,111189717,131043881,131237305,134729228,138885864,139266129,143385139
669978508,FALSE,2125,0,0,600,1400559078,1,2,86750861,92588070,103039499,103155425,103940975,111291593,112940846,113055496,113070925,132239985
669978229,TRUE,2297,0,0,600,1400559152,1,2,89166519,106863163,108376607,111533846,113705693,125576983,130416036,131768153,142750189,166851070
669978947,TRUE,1476,0,0,600,1400559268,1,2,89371588,98878010,101586543,111114687,114239371,117990312,118134220,123854991,136477860,163497368
670038230,FALSE,1648,0,0,600,1400563806,1,2,88521435,102024536,107615580,112960848,114031486,117281554,124566285,136186119,139280377,167895256
670037931,FALSE,3486,0,0,600,1400564026,1,2,101586543,106863163,111114687,117990312,118134220,125576983,130416036,142750189,163497368,166851070
670103245,TRUE,2680,0,0,600,1400568631,1,2,89166519,102024536,107615580,108376607,111533846,113705693,114031486,131768153,139280377,167895256
670104498,FALSE,3590,0,0,600,1400568801,1,2,89371588,98878010,106863163,114239371,123854991,125576983,130416036,136477860,142750189,166851070
670113369,FALSE,4127,0,0,600,1400569392,1,2,92588070,101375717,103039499,111291593,113055496,113070925,131237305,134729228,139266129,143385139
670200377,FALSE,3219,0,0,600,1400574847,1,2,21289303,88521435,110228930,111189717,112960848,117281554,124566285,131043881,136186119,138885864
670204896,TRUE,1808,0,0,600,1400575045,1,2,86750861,101375717,103155425,103940975,112940846,131237305,132239985,134729228,139266129,143385139
670265032,TRUE,3516,0,0,600,1400578171,1,2,101586543,102024536,107615580,111114687,114031486,117990312,118134220,139280377,163497368,167895256
670288135,TRUE,1008,0,0,600,1400579257,1,2,21289303,89166519,108376607,110228930,111189717,111533846,113705693,131043881,131768153,138885864
670291981,FALSE,1784,0,0,600,1400579554,1,2,88521435,92588070,103039499,111291593,112960848,113055496,113070925,117281554,124566285,136186119
670287814,TRUE,1825,0,0,600,1400579884,1,2,89371588,98878010,101375717,114239371,123854991,131237305,134729228,136477860,139266129,143385139
670370659,TRUE,1937,0,0,600,1400582933,1,2,102024536,106863163,107615580,114031486,125576983,130416036,139280377,142750189,166851070,167895256
670370590,TRUE,2030,0,0,600,1400583053,1,2,86750861,88521435,103155425,103940975,112940846,112960848,117281554,124566285,132239985,136186119
670369902,TRUE,1920,0,0,600,1400583121,1,2,89166519,92588070,103039499,108376607,111291593,111533846,113055496,113070925,113705693,131768153
670370270,TRUE,1750,0,0,600,1400583197,1,2,21289303,101586543,110228930,111114687,111189717,117990312,118134220,131043881,138885864,163497368
670458989,TRUE,2241,0,0,600,1400586695,1,2,89371588,98878010,102024536,107615580,114031486,114239371,123854991,136477860,139280377,167895256
670470543,FALSE,2249,0,0,600,1400586993,1,2,88521435,101375717,112960848,117281554,124566285,131237305,134729228,136186119,139266129,143385139
670470179,TRUE,2048,0,0,600,1400587116,1,2,86750861,89166519,103155425,103940975,108376607,111533846,112940846,113705693,131768153,132239985
670476346,TRUE,1579,0,0,600,1400587470,1,2,21289303,106863163,110228930,111189717,125576983,130416036,131043881,138885864,142750189,166851070
670574706,FALSE,2259,0,0,600,1400590661,1,2,21289303,102024536,107615580,110228930,111189717,114031486,131043881,138885864,139280377,167895256
670575175,TRUE,1560,0,0,600,1400590661,1,2,89166519,101375717,108376607,111533846,113705693,131237305,131768153,134729228,139266129,143385139
670575639,TRUE,2124,0,0,600,1400590761,1,2,92588070,101586543,103039499,111114687,111291593,113055496,113070925,117990312,118134220,163497368
670604245,TRUE,760,0,0,600,1400590913,1,1,88521435,89371588,98878010,112960848,114239371,117281554,123854991,124566285,136186119,136477860
670684209,FALSE,1551,0,0,600,1400593909,1,2,86750861,89371588,98878010,103155425,103940975,112940846,114239371,123854991,132239985,136477860
671620164,FALSE,2007,0,0,600,1400645536,1,2,88521435,89166519,108376607,111533846,112960848,113705693,117281554,124566285,131768153,136186119
671619782,FALSE,2286,0,0,600,1400645588,1,2,92588070,103039499,106863163,111291593,113055496,113070925,125576983,130416036,142750189,166851070
671619214,TRUE,3637,0,0,600,1400645616,1,2,21289303,89371588,98878010,110228930,111189717,114239371,123854991,131043881,136477860,138885864
671625783,FALSE,1113,0,0,600,1400646283,1,2,86750861,101586543,103155425,103940975,111114687,112940846,117990312,118134220,132239985,163497368
671678151,FALSE,1598,0,0,600,1400650092,1,2,92588070,102024536,103039499,107615580,111291593,113055496,113070925,114031486,139280377,167895256
671675270,TRUE,1837,0,0,600,1400650245,1,2,86750861,103155425,103940975,106863163,112940846,125576983,130416036,132239985,142750189,166851070
671680181,FALSE,1361,0,0,600,1400650435,1,2,101375717,101586543,111114687,117990312,118134220,131237305,134729228,139266129,143385139,163497368
671682165,TRUE,2250,0,0,600,1400650620,1,2,89166519,89371588,98878010,108376607,111533846,113705693,114239371,123854991,131768153,136477860
671752079,FALSE,1397,0,0,600,1400654845,1,2,86750861,102024536,103155425,103940975,107615580,112940846,114031486,132239985,139280377,167895256
671752016,TRUE,2886,0,0,600,1400655089,1,2,88521435,101586543,111114687,112960848,117281554,117990312,118134220,124566285,136186119,163497368
671752077,FALSE,2106,0,0,600,1400655090,1,2,101375717,106863163,125576983,130416036,131237305,134729228,139266129,142750189,143385139,166851070
671752163,FALSE,3851,0,0,600,1400655133,1,2,21289303,92588070,103039499,110228930,111189717,111291593,113055496,113070925,131043881,138885864
671844122,TRUE,2991,0,0,600,1400660572,1,2,21289303,86750861,103155425,103940975,110228930,111189717,112940846,131043881,132239985,138885864
671846248,TRUE,1130,0,0,600,1400660657,1,2,89166519,101586543,108376607,111114687,111533846,113705693,117990312,118134220,131768153,163497368
671851710,TRUE,590,0,0,600,1400660722,1,2,101375717,102024536,107615580,114031486,131237305,134729228,139266129,139280377,143385139,167895256
671874467,TRUE,1648,0,0,600,1400661704,1,1,88521435,106863163,112960848,117281554,124566285,125576983,130416036,136186119,142750189,166851070
671922990,TRUE,2445,0,0,600,1400664811,1,2,89371588,92588070,98878010,103039499,111291593,113055496,113070925,114239371,123854991,136477860
672053069,TRUE,2082,0,0,600,1400670477,1,2,21289303,88521435,110228930,111189717,112960848,117281554,124566285,131043881,136186119,138885864
672054173,TRUE,1895,0,0,600,1400670667,1,2,89166519,92588070,103039499,108376607,111291593,111533846,113055496,113070925,113705693,131768153
672148553,FALSE,1971,0,0,600,1400674182,1,2,92588070,103039499,106863163,111291593,113055496,113070925,125576983,130416036,142750189,166851070
673294491,FALSE,2921,0,0,600,1400732057,1,2,21289303,89371588,98878010,110228930,111189717,114239371,131043881,136477860,138885864,177061211
673369513,TRUE,2516,0,0,600,1400737520,1,2,21289303,89371588,98878010,110228930,111189717,114239371,131043881,136477860,138885864,177061211
673481500,TRUE,1009,0,0,600,1400744386,1,2,88521435,92588070,103039499,111291593,112960848,113055496,113070925,117281554,124566285,136186119
673525899,FALSE,1651,0,0,600,1400746754,1,2,88521435,92588070,103039499,111291593,112960848,113055496,113070925,117281554,124566285,136186119
675053163,FALSE,3132,0,0,600,1400818483,1,2,21289303,92588070,103039499,110228930,111189717,111291593,113055496,113070925,131043881,138885864
675119381,FALSE,4206,0,0,600,1400823086,1,2,21289303,92588070,103039499,110228930,111189717,111291593,113055496,113070925,131043881,138885864
675240359,TRUE,3128,0,0,600,1400830322,1,2,21289303,92588070,103039499,110228930,111189717,111291593,113055496,113070925,131043881,138885864
675370824,TRUE,1473,0,0,600,1400836447,1,2,21289303,89371588,98878010,110228930,111189717,114239371,123854991,131043881,136477860,138885864
675437854,FALSE,3179,0,0,600,1400839222,1,2,21289303,89371588,98878010,110228930,111189717,114239371,123854991,131043881,136477860,138885864
675564163,FALSE,1088,0,0,600,1400843948,1,2,21289303,89371588,98878010,110228930,111189717,114239371,123854991,131043881,136477860,138885864
675623515,FALSE,1709,0,0,600,1400846199,1,2,21289303,89371588,98878010,110228930,111189717,114239371,123854991,131043881,136477860,138885864
677456941,FALSE,2045,0,0,600,1400926305,1,2,26316691,36547811,86840554,87586992,89782335,93712171,107644273,112250781,123787524,124049453
677459470,TRUE,2921,0,0,600,1400926328,1,2,1522705,20378728,31078647,86726887,86799300,87285329,87382579,89154291,90810663,130659032
677458214,FALSE,1755,0,0,600,1400926332,1,2,69325073,75750590,86747757,86750262,86870856,88792641,89742217,91918857,94049589,98018029
677462740,FALSE,1701,0,0,600,1400926342,1,2,53178236,76600360,89137399,91460772,91701543,96196828,125304246,134556694,150419909,159020918
677592408,FALSE,2281,0,0,600,1400930845,1,2,31078647,86726887,86799300,86840554,87285329,87382579,89782335,112250781,123787524,124049453
677590955,TRUE,1879,0,0,600,1400930997,1,2,69325073,86747757,88792641,89742217,91460772,91701543,91918857,125304246,150419909,159020918
677595704,FALSE,2046,0,0,600,1400931321,1,2,6103402,20237599,25907144,26682464,43720230,65623472,81150290,86664345,92968238,97590558
677595091,FALSE,1640,0,0,600,1400931530,1,2,1522705,20378728,53178236,76600360,89137399,89154291,90810663,96196828,130659032,134556694
677738070,TRUE,1879,0,0,600,1400935835,1,2,1522705,20378728,86840554,89154291,89782335,90810663,112250781,123787524,124049453,130659032
677739681,FALSE,2396,0,0,600,1400935902,1,2,53178236,69325073,76600360,86747757,88792641,89137399,89742217,91918857,96196828,134556694
677739913,TRUE,1979,0,0,600,1400935914,1,2,20237599,25907144,26682464,65623472,75750590,86750262,86870856,94049589,97590558,98018029
677738476,FALSE,2618,0,0,600,1400935959,1,2,6103402,26316691,36547811,43720230,81150290,86664345,87586992,92968238,93712171,107644273
677897149,FALSE,1575,0,0,600,1400939175,1,2,6103402,31078647,43720230,81150290,86664345,86726887,86799300,87285329,87382579,92968238
677897703,FALSE,1846,0,0,600,1400940489,1,2,20237599,25907144,26682464,65623472,91460772,91701543,97590558,125304246,150419909,159020918
677895646,TRUE,2029,0,0,600,1400940535,1,2,26316691,36547811,75750590,86750262,86870856,87586992,93712171,94049589,98018029,107644273
677897918,TRUE,1441,0,0,600,1400940602,1,2,53178236,76600360,86840554,89137399,89782335,96196828,112250781,123787524,124049453,134556694
678061731,TRUE,1838,0,0,600,1400943999,1,2,31078647,75750590,86726887,86750262,86799300,86870856,87285329,87382579,94049589,98018029
678060154,FALSE,3207,0,0,600,1400945304,1,2,26316691,36547811,87586992,91460772,91701543,93712171,107644273,125304246,150419909,159020918
678062657,FALSE,1918,0,0,600,1400945324,1,2,1522705,6103402,20378728,43720230,81150290,86664345,89154291,90810663,92968238,130659032
678064820,TRUE,1529,0,0,600,1400945524,1,2,20237599,25907144,26682464,65623472,69325073,86747757,88792641,89742217,91918857,97590558
678213665,TRUE,1718,0,0,600,1400950107,1,2,26316691,36547811,69325073,86747757,87586992,88792641,89742217,91918857,93712171,107644273
678214809,FALSE,2654,0,0,600,1400950110,1,2,6103402,43720230,81150290,86664345,86840554,89782335,92968238,112250781,123787524,124049453
678215169,FALSE,1679,0,0,600,1400950203,1,2,1522705,20378728,75750590,86750262,86870856,89154291,90810663,94049589,98018029,130659032
678215431,TRUE,1465,0,0,600,1400950393,1,2,20237599,25907144,26682464,53178236,65623472,76600360,89137399,96196828,97590558,134556694
678359304,TRUE,2341,0,0,600,1400955072,1,2,6103402,43720230,53178236,76600360,81150290,86664345,89137399,92968238,96196828,134556694
678360536,TRUE,2121,0,0,600,1400955103,1,2,20237599,25907144,26316691,26682464,36547811,65623472,87586992,93712171,97590558,107644273
678358416,FALSE,1912,0,0,600,1400955127,1,2,75750590,86750262,86840554,86870856,89782335,94049589,98018029,112250781,123787524,124049453
678365221,TRUE,1790,0,0,600,1400955369,1,2,31078647,86726887,86799300,87285329,87382579,91460772,91701543,125304246,150419909,159020918
679502128,TRUE,1592,0,0,600,1401012666,1,2,31078647,69325073,86726887,86747757,86799300,87285329,87382579,88792641,89742217,91918857
679501388,FALSE,2251,0,0,600,1401012699,1,2,1522705,20378728,89154291,90810663,91460772,91701543,125304246,130659032,150419909,159020918
679500572,TRUE,4821,0,0,600,1401012791,1,2,6103402,43720230,75750590,81150290,86664345,86750262,86870856,92968238,94049589,98018029
679501763,TRUE,1240,0,0,600,1401012937,1,2,26316691,36547811,53178236,76600360,87586992,89137399,93712171,96196828,107644273,134556694
679639336,FALSE,2149,0,0,600,1401017493,1,2,1522705,20378728,69325073,86747757,88792641,89154291,89742217,90810663,91918857,130659032
679642123,TRUE,1635,0,0,600,1401017505,1,2,86840554,89782335,91460772,91701543,112250781,123787524,124049453,125304246,150419909,159020918
679686357,FALSE,1279,0,0,600,1401019205,1,2,20237599,25907144,26682464,31078647,65623472,86726887,86799300,87285329,87382579,97590558
679702198,TRUE,2533,0,0,600,1401019594,1,2,53178236,75750590,76600360,86750262,86870856,89137399,94049589,96196828,98018029,134556694
679789578,TRUE,1778,0,0,600,1401022232,1,2,26316691,31078647,36547811,86726887,86799300,87285329,87382579,87586992,93712171,107644273
679793120,TRUE,1954,0,0,600,1401022326,1,2,1522705,20237599,20378728,25907144,26682464,65623472,89154291,90810663,97590558,130659032
679787098,TRUE,4573,0,0,600,1401022631,1,2,69325073,86747757,86840554,88792641,89742217,89782335,91918857,112250781,123787524,124049453
679818285,TRUE,2152,0,0,600,1401022683,1,2,6103402,43720230,81150290,86664345,91460772,91701543,92968238,125304246,150419909,159020918
679965676,FALSE,1353,0,0,600,1401027443,1,2,75750590,86750262,86870856,91460772,91701543,94049589,98018029,125304246,150419909,159020918
679997645,FALSE,3381,0,0,600,1401028708,1,2,20237599,25907144,26682464,65623472,86840554,89782335,97590558,112250781,123787524,124049453
680003044,TRUE,2272,0,0,600,1401028723,1,2,1522705,20378728,26316691,36547811,87586992,89154291,90810663,93712171,107644273,130659032
680003836,FALSE,1856,0,0,600,1401028728,1,2,6103402,43720230,69325073,81150290,86664345,86747757,88792641,89742217,91918857,92968238
680140517,TRUE,2021,0,0,600,1401032863,1,2,31078647,53178236,76600360,86726887,86799300,87285329,87382579,89137399,96196828,134556694
681491340,TRUE,3180,0,0,600,1401104417,1,2,31078647,53178236,76600360,86726887,86799300,87285329,87382579,89137399,96196828,134556694
681632587,TRUE,3302,0,0,600,1401109072,1,2,31078647,53178236,76600360,86726887,86799300,87285329,87382579,89137399,96196828,134556694
681777722,TRUE,2702,0,0,600,1401113738,1,2,31078647,53178236,76600360,86726887,86799300,87285329,87382579,89137399,96196828,134556694
681915018,FALSE,1796,0,0,600,1401117948,1,2,6103402,26316691,36547811,43720230,81150290,86664345,87586992,92968238,93712171,107644273
681999237,TRUE,2938,0,0,600,1401120859,1,2,6103402,26316691,36547811,43720230,81150290,86664345,87586992,92968238,93712171,107644273
683300315,TRUE,1662,0,0,600,1401190806,1,2,26316691,36547811,53178236,76600360,87586992,89137399,93712171,96196828,107644273,134556694
683374616,TRUE,2835,0,0,600,1401193450,1,2,26316691,36547811,53178236,76600360,87586992,89137399,93712171,96196828,107644273,134556694
683497569,FALSE,2425,0,0,600,1401197391,1,2,26316691,36547811,53178236,76600360,87586992,89137399,93712171,96196828,107644273,134556694
683689782,FALSE,1767,0,0,600,1401203416,1,2,26316691,31078647,36547811,86726887,86799300,87285329,87382579,87586992,93712171,107644273
683782650,TRUE,3927,0,0,600,1401206316,1,2,26316691,31078647,36547811,86726887,86799300,87285329,87382579,87586992,93712171,107644273
683949082,TRUE,2154,0,0,600,1401211906,1,2,26316691,31078647,36547811,86726887,86799300,87285329,87382579,87586992,93712171,107644273
684017244,FALSE,1696,0,0,600,1401215100,1,2,26316691,31078647,36547811,86726887,86799300,87285329,87382579,87586992,93712171,107644273
684084787,TRUE,2473,0,0,600,1401218091,1,2,26316691,31078647,36547811,86726887,86799300,87285329,87382579,87586992,93712171,107644273
767201207,FALSE,1862,0,0,600,1404923198,2,2,6922000,19757254,40547474,43276219,73562326,86727555,86745912,87276347,88719902,121847953
767198624,TRUE,3394,0,0,600,1404923260,2,2,3916428,41231571,41288955,76482434,82327674,88553213,88585077,89246836,90045009,101495620
767200720,TRUE,1639,0,0,600,1404923317,2,2,88508515,89157606,89217927,89371588,98878010,98887913,100883708,114239371,123854991,136477860
767199850,TRUE,2586,0,0,600,1404923329,2,2,8712306,19672354,21265941,84772440,89407113,89423756,89871557,90892734,94155156,100317750
767267226,FALSE,2025,0,0,600,1404926898,2,2,73562326,86727555,86745912,87276347,96429099,102020930,104109762,104963314,121847953,131380551
767296035,FALSE,2306,0,0,600,1404928250,2,2,31078647,86726887,86799300,87285329,87382579,90882159,91698091,101695162,108382060,113800818
767300227,FALSE,3616,0,0,600,1404928649,2,2,11550182,86725175,86802844,89249333,89269794,89330493,91064780,91644707,93616251,121052479
767304257,TRUE,951,0,0,600,1404928657,2,2,1185644,5448108,10366616,30237211,31818853,38515149,67601693,85805514,86738694,87196890
767350156,TRUE,2031,0,0,600,1404930958,2,2,6922000,19757254,40547474,43276219,88719902,96429099,102020930,104109762,104963314,131380551
767376726,TRUE,2401,0,0,600,1404932358,2,2,82327674,88508515,88553213,88585077,89157606,89217927,89246836,90045009,98887913,100883708
767386648,TRUE,1317,0,0,600,1404933088,2,2,8712306,19672354,21265941,70388657,82262664,86723143,87278757,89625472,94155156,100317750
767413598,FALSE,2447,0,0,600,1404934607,2,2,84772440,89371588,89407113,89423756,89871557,90892734,98878010,114239371,123854991,136477860
767419503,FALSE,3074,0,0,600,1404935026,2,2,3916428,41231571,41288955,76482434,89249333,89330493,91644707,93616251,101495620,121052479
767445451,TRUE,2169,0,0,600,1404936335,2,2,1185644,5448108,8712306,10366616,19672354,21265941,31818853,87196890,94155156,100317750
767456280,TRUE,1233,0,0,600,1404936961,2,2,11550182,31078647,86725175,86726887,86799300,86802844,87285329,87382579,89269794,91064780
767481166,TRUE,1515,0,0,600,1404938883,2,2,70388657,82262664,86723143,87278757,89625472,90882159,91698091,101695162,108382060,113800818
767497059,FALSE,2186,0,0,600,1404940137,2,2,3916428,41231571,41288955,76482434,88508515,89157606,89217927,98887913,100883708,101495620
767501696,FALSE,1274,0,0,600,1404940450,2,2,73562326,86727555,86745912,87276347,89371588,98878010,114239371,121847953,123854991,136477860
767504026,TRUE,1952,0,0,600,1404940810,2,2,6922000,19757254,40547474,43276219,88719902,89249333,89330493,91644707,93616251,121052479
767526136,TRUE,2406,0,0,600,1404942471,2,2,11550182,86725175,86802844,89269794,90882159,91064780,91698091,101695162,108382060,113800818
767538027,TRUE,1988,0,0,600,1404943522,2,2,1185644,5448108,10366616,31818853,87196890,89371588,98878010,114239371,123854991,136477860
767553437,TRUE,2394,0,0,600,1404944768,2,2,82327674,88553213,88585077,89246836,90045009,96429099,102020930,104109762,104963314,131380551
767553808,FALSE,1973,0,0,600,1404944954,2,2,31078647,70388657,82262664,86723143,86726887,86799300,87278757,87285329,87382579,89625472
767570030,FALSE,3612,0,0,600,1404946696,2,2,30237211,38515149,67601693,84772440,85805514,86738694,89407113,89423756,89871557,90892734
767594655,FALSE,2253,0,0,600,1404948656,2,2,6922000,19757254,31078647,40547474,43276219,86726887,86799300,87285329,87382579,88719902
767596783,FALSE,2059,0,0,600,1404949034,2,2,3916428,41231571,41288955,76482434,96429099,101495620,102020930,104109762,104963314,131380551
767633099,FALSE,4455,0,0,600,1404952384,2,2,30237211,38515149,67601693,85805514,86738694,88508515,89157606,89217927,98887913,100883708
767634401,FALSE,1858,0,0,600,1404952482,2,2,8712306,19672354,21265941,73562326,86727555,86745912,87276347,94155156,100317750,121847953
767634737,FALSE,2518,0,0,600,1404952639,2,2,1185644,5448108,6922000,10366616,19757254,31818853,40547474,43276219,87196890,88719902
767639734,TRUE,3038,0,0,600,1404953022,2,2,82327674,84772440,88553213,88585077,89246836,89407113,89423756,89871557,90045009,90892734
767671293,TRUE,2664,0,0,600,1404956324,2,2,89249333,89330493,90882159,91644707,91698091,93616251,101695162,108382060,113800818,121052479
767689193,TRUE,3020,0,0,600,1404958084,2,2,3916428,41231571,41288955,76482434,84772440,89407113,89423756,89871557,90892734,101495620
767698877,FALSE,3246,0,0,600,1404958700,2,2,30237211,38515149,67601693,73562326,85805514,86727555,86738694,86745912,87276347,121847953
767701332,FALSE,2656,0,0,600,1404959030,2,2,11550182,70388657,82262664,86723143,86725175,86802844,87278757,89269794,89625472,91064780
767722637,FALSE,2661,0,0,600,1404960827,2,2,8712306,19672354,21265941,88508515,89157606,89217927,94155156,98887913,100317750,100883708
767748153,TRUE,1954,0,0,600,1404963145,2,2,89371588,96429099,98878010,102020930,104109762,104963314,114239371,123854991,131380551,136477860
768808772,TRUE,1949,0,0,600,1405008805,2,2,8712306,19672354,21265941,30237211,38515149,67601693,85805514,86738694,94155156,100317750
768806277,TRUE,1707,0,0,600,1405008813,2,2,31078647,82327674,86726887,86799300,87285329,87382579,88553213,88585077,89246836,90045009
768809344,TRUE,2737,0,0,600,1405008930,2,2,88508515,89157606,89217927,89249333,89330493,91644707,93616251,98887913,100883708,121052479
768819456,TRUE,1863,0,0,600,1405009307,2,2,1185644,5448108,10366616,11550182,31818853,86725175,86802844,87196890,89269794,91064780
768904017,FALSE,1791,0,0,600,1405012882,2,2,73562326,82327674,86727555,86745912,87276347,88553213,88585077,89246836,90045009,121847953
768904872,TRUE,2652,0,0,600,1405012956,2,2,6922000,19757254,40547474,43276219,70388657,82262664,86723143,87278757,88719902,89625472
768917747,FALSE,4384,0,0,600,1405013338,2,2,84772440,89407113,89423756,89871557,90892734,96429099,102020930,104109762,104963314,131380551
768924317,FALSE,1051,0,0,600,1405013661,2,2,89371588,90882159,91698091,98878010,101695162,108382060,113800818,114239371,123854991,136477860
768978223,FALSE,2242,0,0,600,1405016453,2,2,1185644,5448108,10366616,31818853,87196890,90882159,91698091,101695162,108382060,113800818
768982951,FALSE,2830,0,0,600,1405016685,2,2,8712306,19672354,21265941,89371588,94155156,98878010,100317750,114239371,123854991,136477860
768999679,TRUE,3527,0,0,600,1405017396,2,2,70388657,82262664,86723143,87278757,89249333,89330493,89625472,91644707,93616251,121052479
769044770,FALSE,2373,0,0,600,1405019509,2,2,3916428,31078647,41231571,41288955,76482434,86726887,86799300,87285329,87382579,101495620
769061465,FALSE,2961,0,0,600,1405020212,2,2,73562326,86727555,86745912,87276347,88508515,89157606,89217927,98887913,100883708,121847953
769083280,FALSE,2458,0,0,600,1405021739,2,2,11550182,30237211,38515149,67601693,85805514,86725175,86738694,86802844,89269794,91064780
769106392,TRUE,2670,0,0,600,1405022754,2,2,89249333,89330493,91644707,93616251,96429099,102020930,104109762,104963314,121052479,131380551
769123500,FALSE,2419,0,0,600,1405023411,2,2,6922000,19757254,40547474,43276219,84772440,88719902,89407113,89423756,89871557,90892734
769161952,FALSE,2105,0,0,600,1405025730,2,2,3916428,11550182,41231571,41288955,76482434,86725175,86802844,89269794,91064780,101495620
769166153,TRUE,1301,0,0,600,1405025753,2,2,30237211,38515149,67601693,85805514,86738694,89371588,98878010,114239371,123854991,136477860
769199481,TRUE,4343,0,0,600,1405027878,2,2,1185644,5448108,10366616,31818853,82327674,87196890,88553213,88585077,89246836,90045009
769210921,TRUE,2657,0,0,600,1405028679,2,2,31078647,84772440,86726887,86799300,87285329,87382579,89407113,89423756,89871557,90892734
769219194,FALSE,2114,0,0,600,1405029136,2,2,8712306,19672354,21265941,90882159,91698091,94155156,100317750,101695162,108382060,113800818
769229353,FALSE,2656,0,0,600,1405029796,2,2,70388657,73562326,82262664,86723143,86727555,86745912,87276347,87278757,89625472,121847953
769282496,TRUE,1532,0,0,600,1405034066,2,2,31078647,86726887,86799300,87285329,87382579,96429099,102020930,104109762,104963314,131380551
769287352,TRUE,4081,0,0,600,1405034482,2,2,11550182,84772440,86725175,86802844,89269794,89407113,89423756,89871557,90892734,91064780
769290012,FALSE,2616,0,0,600,1405034590,2,2,82327674,88553213,88585077,89246836,89249333,89330493,90045009,91644707,93616251,121052479
769292746,TRUE,2112,0,0,600,1405034656,2,2,6922000,19757254,40547474,43276219,88508515,88719902,89157606,89217927,98887913,100883708
769328512,FALSE,2477,0,0,600,1405038356,2,2,1185644,3916428,5448108,10366616,31818853,41231571,41288955,76482434,87196890,101495620
769337333,TRUE,3003,0,0,600,1405039205,2,2,6922000,19757254,30237211,38515149,40547474,43276219,67601693,85805514,86738694,88719902
769348520,FALSE,1071,0,0,600,1405040253,2,2,88508515,89157606,89217927,90882159,91698091,98887913,100883708,101695162,108382060,113800818
769371854,TRUE,1665,0,0,600,1405042315,2,2,1185644,5448108,10366616,31818853,87196890,96429099,102020930,104109762,104963314,131380551
769374450,TRUE,2707,0,0,600,1405042542,2,2,3916428,8712306,19672354,21265941,41231571,41288955,76482434,94155156,100317750,101495620
769381711,FALSE,1392,0,0,600,1405043303,2,2,31078647,86726887,86799300,87285329,87382579,88508515,89157606,89217927,98887913,100883708
769387354,TRUE,1467,0,0,600,1405043778,2,2,70388657,82262664,86723143,87278757,89371588,89625472,98878010,114239371,123854991,136477860
769408915,FALSE,2146,0,0,600,1405045729,2,2,30237211,38515149,67601693,85805514,86738694,96429099,102020930,104109762,104963314,131380551
769428118,TRUE,2500,0,0,600,1405047122,2,2,11550182,82327674,86725175,86802844,88553213,88585077,89246836,89269794,90045009,91064780
769433230,FALSE,2364,0,0,600,1405047694,2,2,73562326,86727555,86745912,87276347,89249333,89330493,91644707,93616251,121052479,121847953
770545864,TRUE,2395,0,0,600,1405095392,2,2,1185644,5448108,10366616,31818853,70388657,82262664,86723143,87196890,87278757,89625472
770550292,TRUE,1939,0,0,600,1405095429,2,2,8712306,19672354,21265941,82327674,88553213,88585077,89246836,90045009,94155156,100317750
770551674,TRUE,2656,0,0,600,1405095505,2,2,3916428,41231571,41288955,76482434,89371588,98878010,101495620,114239371,123854991,136477860
770569057,FALSE,1116,0,0,600,1405096352,2,2,84772440,89407113,89423756,89871557,90882159,90892734,91698091,101695162,108382060,113800818
770634213,FALSE,2115,0,0,600,1405099152,2,2,8712306,19672354,21265941,94155156,96429099,100317750,102020930,104109762,104963314,131380551
770632334,FALSE,2994,0,0,600,1405099346,2,2,84772440,89249333,89330493,89407113,89423756,89871557,90892734,91644707,93616251,121052479
770652491,FALSE,2569,0,0,600,1405099879,2,2,6922000,11550182,19757254,40547474,43276219,86725175,86802844,88719902,89269794,91064780
770659821,FALSE,3609,0,0,600,1405100187,2,2,31078647,73562326,86726887,86727555,86745912,86799300,87276347,87285329,87382579,121847953
770724297,FALSE,2675,0,0,600,1405103213,2,2,30237211,38515149,67601693,82327674,85805514,86738694,88553213,88585077,89246836,90045009
770751678,TRUE,2583,0,0,600,1405104306,2,2,11550182,86725175,86802844,89269794,89371588,91064780,98878010,114239371,123854991,136477860
770750462,TRUE,3610,0,0,600,1405104317,2,2,1185644,5448108,10366616,31818853,84772440,87196890,89407113,89423756,89871557,90892734
770777219,FALSE,2166,0,0,600,1405105494,2,2,73562326,86727555,86745912,87276347,90882159,91698091,101695162,108382060,113800818,121847953
770826349,TRUE,3845,0,0,600,1405107758,2,2,30237211,38515149,67601693,70388657,82262664,85805514,86723143,86738694,87278757,89625472
770838732,TRUE,2898,0,0,600,1405108596,2,2,31078647,86726887,86799300,87285329,87382579,89249333,89330493,91644707,93616251,121052479
770858488,TRUE,872,0,0,600,1405109474,2,2,3916428,41231571,41288955,76482434,90882159,91698091,101495620,101695162,108382060,113800818
770857357,FALSE,1379,0,0,600,1405109733,2,2,1185644,5448108,10366616,31818853,87196890,88508515,89157606,89217927,98887913,100883708
770899986,TRUE,2045,0,0,600,1405111862,2,2,3916428,6922000,19757254,40547474,41231571,41288955,43276219,76482434,88719902,101495620
770922308,TRUE,2329,0,0,600,1405113232,2,2,82327674,88553213,88585077,89246836,89371588,90045009,98878010,114239371,123854991,136477860
770919457,TRUE,2380,0,0,600,1405113262,2,2,1185644,5448108,10366616,31818853,87196890,89249333,89330493,91644707,93616251,121052479
770923178,FALSE,3267,0,0,600,1405113398,2,2,70388657,82262664,84772440,86723143,87278757,89407113,89423756,89625472,89871557,90892734
770956861,TRUE,1614,0,0,600,1405115424,2,2,88508515,89157606,89217927,96429099,98887913,100883708,102020930,104109762,104963314,131380551
770978831,TRUE,4197,0,0,600,1405117369,2,2,11550182,73562326,86725175,86727555,86745912,86802844,87276347,89269794,91064780,121847953
770982053,TRUE,4115,0,0,600,1405117673,2,2,8712306,19672354,21265941,31078647,86726887,86799300,87285329,87382579,94155156,100317750
770995607,FALSE,977,0,0,600,1405118217,2,2,30237211,38515149,67601693,85805514,86738694,90882159,91698091,101695162,108382060,113800818
771004390,FALSE,1641,0,0,600,1405119060,2,2,84772440,88508515,89157606,89217927,89407113,89423756,89871557,90892734,98887913,100883708
771032063,FALSE,2673,0,0,600,1405121286,2,2,89249333,89330493,89371588,91644707,93616251,98878010,114239371,121052479,123854991,136477860
771085473,TRUE,2949,0,0,600,1405125394,2,2,31078647,86726887,86799300,87285329,87382579,89371588,98878010,114239371,123854991,136477860
771086362,FALSE,1510,0,0,600,1405125597,2,2,70388657,82262664,86723143,87278757,89625472,96429099,102020930,104109762,104963314,131380551
771088857,FALSE,4687,0,0,600,1405125915,2,2,6922000,19757254,40547474,43276219,82327674,88553213,88585077,88719902,89246836,90045009
771093543,TRUE,3467,0,0,600,1405126212,2,2,11550182,86725175,86802844,88508515,89157606,89217927,89269794,91064780,98887913,100883708
771125367,TRUE,3368,0,0,600,1405129052,2,2,3916428,30237211,38515149,41231571,41288955,67601693,76482434,85805514,86738694,101495620
771160983,TRUE,2513,0,0,600,1405132014,2,2,8712306,11550182,19672354,21265941,86725175,86802844,89269794,91064780,94155156,100317750
771166363,FALSE,3701,0,0,600,1405132415,2,2,1185644,5448108,10366616,31818853,73562326,86727555,86745912,87196890,87276347,121847953
771189448,FALSE,3559,0,0,600,1405133985,2,2,6922000,19757254,40547474,43276219,88719902,90882159,91698091,101695162,108382060,113800818
771196094,TRUE,2339,0,0,600,1405134546,2,2,30237211,38515149,67601693,85805514,86738694,89249333,89330493,91644707,93616251,121052479
771242116,FALSE,2554,0,0,600,1405137769,2,2,70388657,82262664,82327674,86723143,87278757,88553213,88585077,89246836,89625472,90045009
772338691,TRUE,1970,0,0,600,1405181530,2,2,70388657,82262664,86723143,87278757,88508515,89157606,89217927,89625472,98887913,100883708
772342935,TRUE,1948,0,0,600,1405181598,2,2,11550182,86725175,86802844,89269794,91064780,96429099,102020930,104109762,104963314,131380551
772349165,TRUE,2717,0,0,600,1405181798,2,2,6922000,19757254,40547474,43276219,88719902,89371588,98878010,114239371,123854991,136477860
772349523,TRUE,1873,0,0,600,1405181908,2,2,8712306,19672354,21265941,89249333,89330493,91644707,93616251,94155156,100317750,121052479
772432494,FALSE,3980,0,0,600,1405185184,2,2,3916428,41231571,41288955,70388657,76482434,82262664,86723143,87278757,89625472,101495620
772436958,FALSE,2698,0,0,600,1405185328,2,2,90882159,91698091,96429099,101695162,102020930,104109762,104963314,108382060,113800818,131380551
772440324,TRUE,3450,0,0,600,1405185673,2,2,1185644,5448108,10366616,31078647,31818853,86726887,86799300,87196890,87285329,87382579
772457564,FALSE,2658,0,0,600,1405186453,2,2,73562326,84772440,86727555,86745912,87276347,89407113,89423756,89871557,90892734,121847953
772526898,FALSE,2020,0,0,600,1405189816,2,2,82327674,88553213,88585077,89246836,90045009,90882159,91698091,101695162,108382060,113800818
772548096,FALSE,2844,0,0,600,1405190674,2,2,3916428,41231571,41288955,73562326,76482434,86727555,86745912,87276347,101495620,121847953
772554830,TRUE,1013,0,0,600,1405191012,2,2,30237211,31078647,38515149,67601693,85805514,86726887,86738694,86799300,87285329,87382579
772561129,TRUE,1843,0,0,600,1405191136,2,2,6922000,8712306,19672354,19757254,21265941,40547474,43276219,88719902,94155156,100317750
772707887,FALSE,4835,0,0,600,1405198006,2,2,31078647,86726887,86799300,87285329,87382579,89371588,98878010,114239371,123854991,136477860
772820666,TRUE,2184,0,0,600,1405204514,2,2,88508515,89157606,89217927,89371588,98878010,98887913,100883708,114239371,123854991,136477860
772874503,FALSE,1562,0,0,600,1405208332,2,2,31078647,86726887,86799300,87285329,87382579,88508515,89157606,89217927,98887913,100883708
774247535,FALSE,1627,0,0,600,1405267903,2,2,30237211,38515149,67601693,85805514,86738694,89371588,98878010,114239371,123854991,136477860
774318898,TRUE,1513,0,0,600,1405270802,2,2,30237211,38515149,67601693,85805514,86738694,89371588,98878010,114239371,123854991,136477860
774408225,TRUE,2289,0,0,600,1405274157,2,2,6922000,19757254,40547474,43276219,88719902,89371588,98878010,114239371,123854991,136477860
774494025,TRUE,2169,0,0,600,1405277771,2,2,6922000,19757254,40547474,43276219,88719902,89371588,98878010,114239371,123854991,136477860
774622831,FALSE,4231,0,0,600,1405285890,2,2,6922000,19757254,40547474,43276219,84772440,88719902,89407113,89423756,89871557,90892734
774695687,TRUE,682,0,0,600,1405291471,2,2,6922000,19757254,40547474,43276219,84772440,88719902,89407113,89423756,89871557,90892734
775979885,FALSE,2215,0,0,600,1405354534,2,2,88508515,89157606,89217927,89249333,89330493,91644707,93616251,98887913,100883708,121052479
776068193,FALSE,3324,0,0,600,1405358057,2,2,88508515,89157606,89217927,89249333,89330493,91644707,93616251,98887913,100883708,121052479
776170591,FALSE,1106,0,0,600,1405362607,2,2,88508515,89157606,89217927,89249333,89330493,91644707,93616251,98887913,100883708,121052479
776279238,FALSE,2079,0,0,600,1405367142,2,2,70388657,82262664,86723143,87278757,88508515,89157606,89217927,89625472,98887913,100883708
776341481,FALSE,1218,0,0,600,1405370580,2,2,70388657,82262664,86723143,87278757,88508515,89157606,89217927,89625472,98887913,100883708
776401962,TRUE,994,0,0,600,1405374049,2,2,82327674,88508515,88553213,88585077,89157606,89217927,89246836,90045009,98887913,100883708
776436526,FALSE,1683,0,0,600,1405376351,2,2,82327674,88508515,88553213,88585077,89157606,89217927,89246836,90045009,98887913,100883708
776475724,FALSE,3351,0,0,600,1405379260,2,2,82327674,88508515,88553213,88585077,89157606,89217927,89246836,90045009,98887913,100883708
783330532,TRUE,862,0,0,600,1405703823,2,2,88508515,89157606,89217927,90882159,91698091,98887913,100883708,101695162,108382060,113800818
783390334,TRUE,1942,0,0,600,1405706205,2,2,88508515,89157606,89217927,90882159,91698091,98887913,100883708,101695162,108382060,113800818
783470838,TRUE,2173,0,0,600,1405709562,2,2,88508515,89157606,89217927,90882159,91698091,98887913,100883708,101695162,108382060,113800818
783571610,FALSE,3370,0,0,600,1405714073,2,2,73562326,84772440,86727555,86745912,87276347,89407113,89423756,89871557,90892734,121847953
783676866,TRUE,2149,0,0,600,1405720003,2,2,73562326,84772440,86727555,86745912,87276347,89407113,89423756,89871557,90892734,121847953
783746701,TRUE,3061,0,0,600,1405724352,2,2,73562326,86727555,86745912,87276347,88508515,89157606,89217927,98887913,100883708,121847953
783801256,FALSE,2157,0,0,600,1405729002,2,2,73562326,86727555,86745912,87276347,88508515,89157606,89217927,98887913,100883708,121847953
785298771,TRUE,2035,0,0,600,1405789962,2,2,6922000,19757254,40547474,43276219,70388657,82262664,86723143,87278757,88719902,89625472
785389859,TRUE,1285,0,0,600,1405793853,2,2,6922000,19757254,40547474,43276219,70388657,82262664,86723143,87278757,88719902,89625472
785453168,TRUE,1904,0,0,600,1405796554,2,2,6922000,19757254,40547474,43276219,70388657,82262664,86723143,87278757,88719902,89625472
785558384,TRUE,1946,0,0,600,1405801678,2,2,82327674,88553213,88585077,89246836,89371588,90045009,98878010,114239371,123854991,136477860
785643441,FALSE,1984,0,0,600,1405805029,2,2,82327674,88553213,88585077,89246836,89371588,90045009,98878010,114239371,123854991,136477860
785712957,FALSE,2705,0,0,600,1405808756,2,2,82327674,88553213,88585077,89246836,89371588,90045009,98878010,114239371,123854991,136477860
785785899,FALSE,2452,0,0,600,1405813653,2,2,6922000,19757254,40547474,43276219,88719902,90882159,91698091,101695162,108382060,113800818
785842796,TRUE,3999,0,0,600,1405818264,2,2,84772440,89371588,89407113,89423756,89871557,90892734,98878010,114239371,123854991,136477860
785923491,TRUE,1929,0,0,600,1405824141,2,3,19672354,41231571,70388657,84772440,86745912,87278757,88553213,88585077,90892734,101495620
787345302,TRUE,2805,0,0,600,1405874482,2,2,6922000,19757254,40547474,43276219,88719902,90882159,91698091,101695162,108382060,113800818
787453665,TRUE,2060,0,0,600,1405878630,2,2,6922000,19757254,40547474,43276219,88719902,90882159,91698091,101695162,108382060,113800818
787554090,FALSE,1675,0,0,600,1405882432,2,2,84772440,89371588,89407113,89423756,89871557,90892734,98878010,114239371,123854991,136477860
787639738,FALSE,2512,0,0,600,1405885665,2,2,84772440,89371588,89407113,89423756,89871557,90892734,98878010,114239371,123854991,136477860
787737213,TRUE,2366,0,0,600,1405889649,2,2,84772440,89407113,89423756,89871557,90882159,90892734,91698091,101695162,108382060,113800818
787804519,FALSE,2651,0,0,600,1405893249,2,2,84772440,89407113,89423756,89871557,90882159,90892734,91698091,101695162,108382060,113800818
787871901,TRUE,998,0,0,600,1405897517,2,2,73562326,86727555,86745912,87276347,90882159,91698091,101695162,108382060,113800818,121847953
787900748,FALSE,2748,0,0,600,1405899705,2,2,73562326,86727555,86745912,87276347,90882159,91698091,101695162,108382060,113800818,121847953
787943161,TRUE,951,0,0,600,1405903516,2,2,73562326,86727555,86745912,87276347,90882159,91698091,101695162,108382060,113800818,121847953
789453600,FALSE,1490,0,0,600,1405965045,2,2,88508515,89157606,89217927,90882159,91698091,98887913,100883708,101695162,108382060,113800818
789518247,FALSE,1571,0,0,600,1405967878,2,2,88508515,89157606,89217927,90882159,91698091,98887913,100883708,101695162,108382060,113800818
789590883,TRUE,1054,0,0,600,1405971068,2,2,88508515,89157606,89217927,90882159,91698091,98887913,100883708,101695162,108382060,113800818
789645621,TRUE,908,0,0,600,1405973570,2,2,88508515,89157606,89217927,90882159,91698091,98887913,100883708,101695162,108382060,113800818
